time,x,ema_signal,fir_signal
0.03125,2107.0,2107.0,2107.0
0.0625,2096.0,2102.105,2107.0
0.09375,2096.0,2099.388275,2107.013181654048
0.125,2096.0,2097.880492625,2107.061774367087
0.15625,2099.0,2098.378673406875,2107.117537588561
0.1875,2098.0,2098.2101637408155,2107.057563230764
0.21875,2096.0,2097.2266408761525,2106.6827214501386
0.25,2097.0,2097.1257856862644,2105.8168289521814
0.28125,2096.0,2096.6248110558768,2104.418395979507
0.3125,2096.0,2096.3467701360114,2102.634783304621
0.34375,2098.0,2097.0824574254866,2100.764747254713
0.375,2097.0,2097.045763871145,2099.1333302803014
0.40625,2096.0,2096.5803989484857,2097.955354924761
0.4375,2096.0,2096.3221214164096,2097.2694588761738
0.46875,2096.0,2096.1787773861074,2096.962168081177
0.5,2096.0,2096.0992214492894,2096.856512137381
0.53125,2102.0,2098.7250679043555,2096.807618964986
0.5625,2096.0,2097.5124126869173,2096.743104505496
0.59375,2099.0,2098.174389041239,2096.656807750731
0.625,2096.0,2097.206785917888,2096.584838554476
0.65625,2098.0,2097.559766184428,2096.556972252779
0.6875,2096.0,2096.8656702323574,2096.603645522977
0.71875,2098.0,2097.370446978958,2096.752393602143
0.75,2096.0,2096.760598073322,2097.0040041231255
0.78125,2098.0,2097.312131930694,2097.3051388205054
0.8125,2097.0,2097.173233221535,2097.5611072438046
0.84375,2099.0,2097.986144437952,2097.6839618479885
0.875,2096.0,2097.1023101630635,2097.640284073954
0.90625,2097.0,2097.0567821405,2097.470888049695
0.9375,2100.0,2098.366514087977,2097.275528784109
0.96875,2098.0,2098.203415318828,2097.144888255012
1.0,2097.0,2097.6678955019493,2097.1135672764003
1.03125,2100.0,2098.705682003582,2097.168358616512
1.0625,2098.0,2098.391653511988,2097.27196471019
1.09375,2097.0,2097.772367699153,2097.3916952973777
1.125,2096.0,2096.98366407303,2097.526997711898
1.15625,2099.0,2097.8809335605315,2097.685793200028
1.1875,2099.0,2098.378918126095,2097.8637519142594
1.21875,2096.0,2097.3202995599827,2098.0270097916678
1.25,2097.0,2097.17776625579,2098.1314474387946
1.28125,2098.0,2097.543660271964,2098.149550384809
1.3125,2101.0,2099.08173145094,2098.0823397270356
1.34375,2098.0,2098.600360955272,2097.9521690832694
1.375,2096.0,2097.443200330176,2097.7977840985327
1.40625,2097.0,2097.2459761832474,2097.6730374074746
1.4375,2100.0,2098.471516781702,2097.627574534047
1.46875,2102.0,2100.0416918138444,2097.6729908984
1.5,2096.0,2098.243138956684,2097.775577552025
1.53125,2100.0,2099.02494212096,2097.8915817327374
1.5625,2097.0,2098.1238428771326,2097.9941216316843
1.59375,2100.0,2098.9587327968084,2098.0805370702515
1.625,2097.0,2098.087096702229,2098.177257705995
1.65625,2098.0,2098.048338669737,2098.3057812491606
1.6875,2099.0,2098.471827961704,2098.4639253028768
1.71875,2103.0,2100.4868645187457,2098.618427007635
1.75,2096.0,2098.490209807904,2098.7175338451175
1.78125,2097.0,2097.8270664433867,2098.7232037510876
1.8125,2103.0,2100.12902187608,2098.6500164625286
1.84375,2100.0,2100.0716071412244,2098.5552636886514
1.875,2099.0,2099.5947419633794,2098.5046671824484
1.90625,2098.0,2098.8850817896755,2098.545764169567
1.9375,2100.0,2099.38122039327,2098.6798055454824
1.96875,2096.0,2097.876577318265,2098.867731520644
2.0,2098.0,2097.931500411637,2099.0665881931254
2.03125,2097.0,2097.5169827284585,2099.252255561667
2.0625,2098.0,2097.7319254142944,2099.398675005824
2.09375,2097.0,2097.406218604933,2099.4583056481265
2.125,2097.0,2097.225451325738,2099.385047859175
2.15625,2101.0,2098.905125485785,2099.160087280964
2.1875,2100.0,2099.3923446446106,2098.8036007026753
2.21875,2101.0,2100.1077512777592,2098.3705027160186
2.25,2096.0,2098.2798019591564,2097.950088596176
2.28125,2101.0,2099.490290087332,2097.653598242092
2.3125,2099.0,2099.272110998469,2097.574952729551
2.34375,2100.0,2099.596021604151,2097.728753043111
2.375,2100.0,2099.775791990304,2098.0608407775608
2.40625,2099.0,2099.4305645546187,2098.4821357874325
2.4375,2101.0,2100.1289633278134,2098.8888029228756
2.46875,2098.0,2099.1815746469365,2099.19562741971
2.5,2098.0,2098.6557739290497,2099.37229734406
2.53125,2100.0,2099.2539545306227,2099.454290058613
2.5625,2100.0,2099.585944764496,2099.496796345201
2.59375,2097.0,2098.435199344295,2099.53414888329
2.625,2099.0,2098.686535636084,2099.5669740049493
2.65625,2099.0,2098.8260272780267,2099.5716107841563
2.6875,2099.0,2098.903445139305,2099.5178360134155
2.71875,2103.0,2100.726412052314,2099.397308196661
2.75,2100.0,2100.403158689034,2099.232565409835
2.78125,2101.0,2100.668753072414,2099.059864245544
2.8125,2106.0,2103.0411579551896,2098.924701015406
2.84375,2099.0,2101.2428426651304,2098.8630154212124
2.875,2099.0,2100.244777679148,2098.91612588228
2.90625,2105.0,2102.3608516119266,2099.1351489799986
2.9375,2101.0,2101.75527264462,2099.5340140243893
2.96875,2101.0,2101.419176317764,2100.062060342546
3.0,2099.0,2100.342642856359,2100.623510930581
3.03125,2099.0,2099.74516678528,2101.1161225016913
3.0625,2102.0,2100.74856756583,2101.46623581174
3.09375,2096.0,2098.635454999036,2101.6430093296
3.125,2099.0,2098.7976775244647,2101.66108322763
3.15625,2098.0,2098.4427110260776,2101.5583198529603
3.1875,2099.0,2098.6907046194733,2101.3538931537005
3.21875,2101.0,2099.718341063808,2101.0513434600975
3.25,2097.0,2098.508679290413,2100.6493785302137
3.28125,2100.0,2099.172317006179,2100.167805325627
3.3125,2098.0,2098.6506359384293,2099.66922103355
3.34375,2101.0,2099.696102945828,2099.231359400169
3.375,2099.0,2099.3863371349344,2098.9208655231373
3.40625,2101.0,2100.1044171098883,2098.768745926361
3.4375,2100.0,2100.057951495988,2098.7501530896143
3.46875,2101.0,2100.4771630802734,2098.8109763064663
3.5,2097.0,2098.929825509552,2098.9170309337082
3.53125,2099.0,2098.9610531578014,2099.0557948897863
3.5625,2098.0,2098.53338450258,2099.2308516016324
3.59375,2101.0,2099.631028398932,2099.4381911475207
3.625,2098.0,2098.9052207614072,2099.6466962977543
3.65625,2100.0,2099.392397522581,2099.799259266714
3.6875,2102.0,2100.5527806250325,2099.832466865314
3.71875,2100.0,2100.306793246893,2099.7168097919352
3.75,2098.0,2099.2802702520257,2099.4881765741993
3.78125,2098.0,2098.7105499898744,2099.246894881756
3.8125,2100.0,2099.28435524438,2099.1127646147042
3.84375,2100.0,2099.602817160631,2099.1480991401686
3.875,2098.0,2098.88956352415,2099.3254372358756
3.90625,2099.0,2098.938707755904,2099.5479503291303
3.9375,2099.0,2098.9659828045264,2099.707312962513
3.96875,2102.0,2100.316120456512,2099.73331960303
4.0,2098.0,2099.285446853364,2099.6214177160996
4.03125,2096.0,2097.8234230036173,2099.4270687078815
4.0625,2098.0,2097.9019997670075,2099.2429394635105
4.09375,2093.0,2095.7206098706893,2099.142258776366
4.125,2103.0,2098.9599384782327,2099.145577235004
4.15625,2098.0,2098.53276585542,2099.2017639653836
4.1875,2099.0,2098.7406850497578,2099.199679115029
4.21875,2099.0,2098.8560802026154,2099.043957185144
4.25,2101.0,2099.810124512452,2098.7196411473965
4.28125,2101.0,2100.3396191044108,2098.3124080114167
4.3125,2097.0,2098.853488602948,2097.9607102519494
4.34375,2100.0,2099.363686174636,2097.7988206270793
4.375,2100.0,2099.646845826923,2097.903491031284
4.40625,2098.0,2098.913999433942,2098.250748052591
4.4375,2102.0,2100.2872696858376,2098.725945197073
4.46875,2098.0,2099.26943467564,2099.173354245365
4.5,2099.0,2099.14953624498,2099.472343320878
4.53125,2096.0,2097.747992615964,2099.5955461385656
4.5625,2097.0,2097.41513590186,2099.5991955702125
4.59375,2095.0,2096.3404004255326,2099.562226594266
4.625,2102.0,2098.8589222361707,2099.525870124738
4.65625,2099.0,2098.921701841075,2099.4693350163307
4.6875,2098.0,2098.5115445217966,2099.317277410964
4.71875,2102.0,2100.0639072095973,2099.026665889335
4.75,2097.0,2098.7004685013267,2098.6179839868196
4.78125,2100.0,2099.2787600182364,2098.1848620548385
4.8125,2098.0,2098.709711810121,2097.875695882488
4.84375,2102.0,2100.173890054617,2097.8134572272415
4.875,2099.0,2099.6515089803124,2098.0214971564246
4.90625,2101.0,2100.2515874840738,2098.40142161433
4.9375,2102.0,2101.029631053661,2098.8054316143225
4.96875,2099.0,2100.126445234782,2099.111909561447
5.0,2099.0,2099.625177105304,2099.2832848944495
5.03125,2100.0,2099.791973293444,2099.3820407035955
5.0625,2098.0,2098.9945451778613,2099.5017286422676
5.09375,2099.0,2098.9969725737133,2099.695950038964
5.125,2098.0,2098.5533197784107,2099.9422276785454
5.15625,2102.0,2100.087092477018,2100.1561253728487
5.1875,2098.0,2099.158336324745,2100.2401739720153
5.21875,2101.0,2099.977876660233,2100.146512793627
5.25,2096.0,2098.2077215464296,2099.9006831735405
5.28125,2102.0,2099.8952854582685,2099.5872292428685
5.3125,2097.0,2098.606883429339,2099.3191864203504
5.34375,2101.0,2099.671820303284,2099.166971292661
5.375,2096.0,2098.037860268322,2099.1416273453547
5.40625,2101.0,2099.3560124489186,2099.198425655503
5.4375,2096.0,2097.8625869091497,2099.2735022551087
5.46875,2101.0,2099.2587357345783,2099.3071857176187
5.5,2098.0,2098.698598332692,2099.274674087318
5.53125,2096.0,2097.497722074644,2099.1819735064446
5.5625,2101.0,2099.056235751428,2099.0577102487455
5.59375,2101.0,2099.9212108420425,2098.9315895304967
5.625,2099.0,2099.511272017334,2098.8135734401762
5.65625,2103.0,2101.06375596962,2098.701744502704
5.6875,2099.0,2100.145384563139,2098.602217515806
5.71875,2098.0,2099.190688432542,2098.542236378088
5.75,2097.0,2098.215832080061,2098.579933441306
5.78125,2102.0,2099.899786804433,2098.762661527188
5.8125,2097.0,2098.6093816764605,2099.08227013315
5.84375,2101.0,2099.6732068304354,2099.4555231589884
5.875,2098.0,2098.928629790892,2099.76818709392
5.90625,2096.0,2097.625389533945,2099.9145305374213
5.9375,2102.0,2099.5720911913395,2099.861994595845
5.96875,2097.0,2098.427510611193,2099.653749881752
6.0,2101.0,2099.572268389212,2099.3806199463106
6.03125,2099.0,2099.317608956013,2099.133856865541
6.0625,2100.0,2099.621272970587,2098.962615328894
6.09375,2112.0,2105.129806498676,2098.8677306717923
6.125,2098.0,2101.957042606765,2098.8072281185705
6.15625,2096.0,2099.3061586467543,2098.764964715638
6.1875,2101.0,2100.059918048949,2098.8169896107747
6.21875,2102.0,2100.9232545171667,2099.0703995431827
6.25,2100.0,2100.512406257028,2099.5698617167873
6.28125,2110.0,2104.7343854726505,2100.2338228420967
6.3125,2090.0,2098.1775839373213,2100.865872643347
6.34375,2093.0,2095.8735590852134,2101.2748004717528
6.375,2103.0,2099.0448252922934,2101.4192280523544
6.40625,2098.0,2098.579878037223,2101.3603327543515
6.4375,2124.0,2109.891832310658,2101.181657560414
6.46875,2110.0,2109.939966932416,2100.9001393185195
6.5,2112.0,2110.8566816474904,2100.4651605517333
6.53125,2115.0,2112.700458314357,2099.9382394414038
6.5625,2159.0,2133.303754364468,2099.5566601922364
6.59375,2085.0,2111.80858367228,2099.644822280095
6.625,2142.0,2125.2437639381155,2100.5567527237017
6.65625,2145.0,2134.035288985654,2102.6094721443833
6.6875,2131.0,2132.684585387038,2105.7493627577833
6.71875,2131.0,2131.934944889806,2109.5654416913276
6.75,2128.0,2130.1838944138426,2113.5418904686344
6.78125,2135.0,2132.327061399683,2117.326149609001
6.8125,2134.0,2133.071519076824,2120.8056310613497
6.84375,2132.0,2132.5946930876376,2123.992534981539
6.875,2135.0,2133.665054663639,2126.88370110463
6.90625,2147.0,2139.5991053383195,2129.33982405265
6.9375,2136.0,2137.997503462768,2131.1468575625836
6.96875,2137.0,2137.553614421836,2132.207687962184
7.0,2139.0,2138.197256004119,2132.671448145681
7.03125,2137.0,2137.664477082286,2132.912776642315
7.0625,2142.0,2139.593784780669,2133.317752480945
7.09375,2129.0,2134.879550553271,2134.0963574511143
7.125,2138.0,2136.2681505570654,2135.2338123618806
7.15625,2192.0,2161.0688235591715,2136.5435944444916
7.1875,2146.0,2154.3631970753404,2137.5635590699717
7.21875,2149.0,2151.976574376814,2137.971207269635
7.25,2161.0,2155.991998779132,2137.9871326762195
7.28125,2160.0,2157.7755593224183,2138.1799126536675
7.3125,2159.0,2158.3204354239424,2139.187869340028
7.34375,2171.0,2163.962841660288,2141.4052716848014
7.375,2161.0,2162.64437712146,2144.742968739084
7.40625,2176.0,2168.5876293024103,2148.6377917597165
7.4375,2175.0,2171.4411342628377,2152.34141998224
7.46875,2167.0,2169.464829515875,2155.2905783466886
7.5,2170.0,2169.7029803813107,2157.4043559666616
7.53125,2171.0,2170.280154111628,2159.039311641008
7.5625,2167.0,2168.820485531953,2160.7051731882416
7.59375,2174.0,2171.125369470234,2162.7414490074575
7.625,2163.0,2167.50958005598,2165.0984444096985
7.65625,2172.0,2169.5078169310686,2167.3915756621905
7.6875,2178.0,2173.286838396743,2169.1575940433736
7.71875,2167.0,2170.4891953101924,2170.1307785341573
7.75,2170.0,2170.2715033971567,2170.41340805703
7.78125,2171.0,2170.595684385422,2170.2674077271936
7.8125,2162.0,2166.770604833909,2169.9753717840717
7.84375,2243.0,2200.6926856828195,2169.8126457057706
7.875,2181.0,2191.929440553965,2169.8274155658078
7.90625,2176.0,2184.8408395074503,2169.8629913118866
7.9375,2173.0,2179.571665926635,2170.0267138111094
7.96875,2186.0,2182.4322745892823,2170.7467679380447
8.0,2183.0,2182.6849123970514,2172.544545976471
8.03125,2187.0,2184.605126380364,2175.5964725588715
8.0625,2192.0,2187.8958451411017,2179.452007817727
8.09375,2186.0,2187.052194053312,2183.1478063389523
8.125,2189.0,2187.918967699588,2185.6764084222386
8.15625,2192.0,2189.735027073272,2186.524403878409
8.1875,2192.0,2190.7429400256656,2185.9459607033687
8.21875,2191.0,2190.8573317142445,2184.7914745788908
8.25,2187.0,2189.1408191014057,2184.0487765331877
8.28125,2190.0,2189.52315460128,2184.3324930545987
8.3125,2191.0,2190.1803508037106,2185.5953288545766
8.34375,2192.0,2190.99009469606,2187.2797613525163
8.375,2178.0,2185.209502556313,2188.7417057448097
8.40625,2182.0,2183.781273918754,2189.641917819301
8.4375,2180.0,2182.098607024908,2190.1137644720643
8.46875,2181.0,2181.609726898824,2190.333411385046
8.5,2192.0,2186.2333984288475,2190.3045601696103
8.53125,2183.0,2184.7945361280103,2189.9196524569456
8.5625,2176.0,2180.8809675510456,2189.0728483527932
8.59375,2186.0,2183.15893699083,2187.797134162252
8.625,2183.0,2183.088210029911,2186.2971789000244
8.65625,2182.0,2182.6039565666006,2184.871665885275
8.6875,2183.0,2182.780195894464,2183.785678745667
8.71875,2183.0,2182.8780087214272,2183.1668361459324
8.75,2178.0,2180.707294840392,2182.967240558929
8.78125,2178.0,2179.502548636417,2183.0077558343173
8.8125,2176.0,2177.943914493212,2183.0855668312242
8.84375,2181.0,2179.3038725437327,2183.064037684727
8.875,2176.0,2177.833649261772,2182.9026715653313
8.90625,2176.0,2177.0176753402834,2182.6091978149043
8.9375,2178.0,2177.454809813857,2182.18570924081
8.96875,2176.0,2176.807419446691,2181.591595861486
9.0,2176.0,2176.4481177929138,2180.8095233871836
9.03125,2176.0,2176.2487053750674,2179.9034533956824
9.0625,2176.0,2176.138031483162,2179.003967113547
9.09375,2175.0,2175.631607473155,2178.252096102789
9.125,2173.0,2174.460542147601,2177.702173594371
9.15625,2175.0,2174.7006008919184,2177.311270006157
9.1875,2173.0,2173.9438334950146,2177.013159043732
9.21875,2179.0,2176.193827589733,2176.7432167475326
9.25,2173.0,2174.772574312302,2176.4465202658635
9.28125,2173.0,2173.9837787433275,2176.097290409869
9.3125,2174.0,2173.9909972025466,2175.7179013272857
9.34375,2174.0,2173.9950034474136,2175.352856806241
9.375,2165.0,2169.9922269133144,2175.0495308989916
9.40625,2171.0,2170.4406859368896,2174.8480806404004
9.4375,2172.0,2171.134580694974,2174.757097563766
9.46875,2175.0,2172.8546922857104,2174.694904805078
9.5,2167.0,2170.2493542185694,2174.5143848748453
9.53125,2173.0,2171.4733915913057,2174.0988962613433
9.5625,2171.0,2171.262732333175,2173.4397062157136
9.59375,2170.0,2170.700816444912,2172.640834463781
9.625,2169.0,2169.9439531269263,2171.8838099435916
9.65625,2171.0,2170.413893985444,2171.3386288384004
9.6875,2167.0,2168.894711161922,2171.0752003105135
9.71875,2170.0,2169.3865646948666,2171.0365559431607
9.75,2165.0,2167.434543405651,2171.0882180187114
9.78125,2170.0,2168.5761715901363,2171.0874346583896
9.8125,2170.0,2169.2097752325253,2170.9510872602436
9.84375,2167.0,2168.226425254052,2170.6505563113
9.875,2169.0,2168.5706660159985,2170.2163534733527
9.90625,2171.0,2169.651719638879,2169.726194849097
9.9375,2158.0,2164.466704399578,2169.256851659957
9.96875,2167.0,2165.594020941766,2168.8701191166824
10.0,2164.0,2164.88468162268,2168.6259397460303
10.03125,2166.0,2165.380998300588,2168.5243829136207
10.0625,2167.0,2166.1014540568262,2168.480435802041
10.09375,2166.0,2166.0563070015387,2168.3365331750783
10.125,2162.0,2164.2512503858543,2167.9639321554773
10.15625,2150.0,2157.909443964149,2167.351219946164
10.1875,2163.0,2160.174741400103,2166.633203303917
10.21875,2161.0,2160.541981477057,2166.0034297234133
10.25,2162.0,2161.190799719767,2165.5471450774658
10.28125,2161.0,2161.1058938444708,2165.174223882728
10.3125,2163.0,2161.948771083681,2164.681614127889
10.34375,2163.0,2162.416567951442,2163.898612344434
10.375,2160.0,2161.341195213051,2162.83035248239
10.40625,2162.0,2161.6343633432434,2161.6930311427905
10.4375,2160.0,2160.9070716555,2160.802458076663
10.46875,2162.0,2161.3934247688026,2160.402793097922
10.5,2160.0,2160.773350746685,2160.530113447987
10.53125,2160.0,2160.4292096644103,2160.9809209682967
10.5625,2160.0,2160.238211363748,2161.4641300668486
10.59375,2160.0,2160.13220730688,2161.7531766428406
10.625,2161.0,2160.5183750553183,2161.769681364695
10.65625,2164.0,2162.0676981557017,2161.5758939016932
10.6875,2160.0,2161.1475724764146,2161.284509623978
10.71875,2163.0,2161.97190272441,2160.9822577364857
10.75,2158.0,2160.204406012048,2160.714383122447
10.78125,2160.0,2160.1134453366867,2160.534497951442
10.8125,2160.0,2160.0629621618614,2160.4991727879597
10.84375,2160.0,2160.034943999833,2160.6163278711465
10.875,2157.0,2158.6843939199075,2160.8309561431647
10.90625,2160.0,2159.269838625549,2161.045404578016
10.9375,2158.0,2158.70476043718,2161.154259069908
10.96875,2157.0,2157.9461420426346,2161.0782177025485
11.0,2160.0,2158.8601088336623,2160.8105580474685
11.03125,2155.0,2157.1423604026822,2160.408612588089
11.0625,2160.0,2158.414010023489,2159.96057464728
11.09375,2160.0,2159.119775563036,2159.541629447689
11.125,2154.0,2156.841475437485,2159.174920875405
11.15625,2111.0,2136.442018867804,2158.8570572423837
11.1875,2161.0,2147.370320471631,2158.644495836088
11.21875,2160.0,2152.990527861756,2158.57527926075
11.25,2131.0,2143.204742963274,2158.4317592654693
11.28125,2160.0,2150.678632344617,2157.8543063184507
11.3125,2160.0,2154.8266409512626,2156.552747824355
11.34375,2155.0,2154.903785727951,2154.440988712921
11.375,2154.0,2154.5016010790127,2151.8086495392363
11.40625,2175.0,2163.623388598852,2149.2935434217034
11.4375,2159.0,2161.565980672363,2147.5993819809273
11.46875,2159.0,2160.424119273161,2147.1841911991464
11.5,2158.0,2159.3453861966045,2148.1441331714987
11.53125,2155.0,2157.411689339116,2150.2042777166494
11.5625,2146.0,2152.3334875832093,2152.8626495663625
11.59375,2157.0,2154.410085608681,2155.5970312688237
11.625,2158.0,2156.0075975128184,2157.9700041745305
11.65625,2160.0,2157.784216619614,2159.638933177098
11.6875,2183.0,2169.005240223886,2160.369021929957
11.71875,2147.0,2159.2129083242567,2160.0452634474864
11.75,2178.0,2167.5731641199623,2158.8045434398587
11.78125,2170.0,2168.653106086579,2157.2523709370053
11.8125,2172.0,2170.1424738780515,2156.151754187207
11.84375,2174.0,2171.859073002319,2156.0495644348102
11.875,2174.0,2172.811785516287,2157.147310365392
11.90625,2176.0,2174.230540961539,2159.255869351323
11.9375,2173.0,2173.682950233654,2161.8899591224194
11.96875,2182.0,2177.384037379678,2164.539652217529
12.0,2182.0,2179.4381407457213,2166.8985608511825
12.03125,2175.0,2177.463168113876,2168.8556990743596
12.0625,2178.0,2177.702058303201,2170.466300205494
12.09375,2175.0,2176.499642358277,2171.883194848967
12.125,2172.0,2174.4973015088435,2173.2304721590885
12.15625,2176.0,2175.166002337408,2174.5409806027374
12.1875,2174.0,2174.647131297261,2175.7657584551444
12.21875,2175.0,2174.80415786998,2176.781289756562
12.25,2174.0,2174.446307617839,2177.4342962317446
12.28125,2175.0,2174.6927007279005,2177.6257337027473
12.3125,2174.0,2174.384448903985,2177.315496548844
12.34375,2179.0,2176.4383691417115,2176.6297235950933
12.375,2173.0,2174.90829487365,2175.8130689524046
12.40625,2176.0,2175.394103654876,2175.0993257743935
12.4375,2173.0,2174.328727528456,2174.6482277818895
12.46875,2172.0,2173.292443778293,2174.495866666093
12.5,2151.0,2163.372306296953,2174.5803544972546
12.53125,2174.0,2168.101629994809,2174.811908257265
12.5625,2177.0,2172.061404647119,2175.0917694705226
12.59375,2174.0,2172.924079579151,2175.2129547767604
12.625,2176.0,2174.292864166429,2174.9095422128294
12.65625,2177.0,2175.497539612368,2174.0267457474815
12.6875,2180.0,2177.5011344848645,2172.656498393034
12.71875,2176.0,2176.8331296391,2171.159169587134
12.75,2177.0,2176.9073869497006,2170.054196726659
12.78125,2181.0,2178.728599757084,2169.792080281042
12.8125,2178.0,2178.4043728651814,2170.524704572779
12.84375,2179.0,2178.6694269401755,2172.0338923324
12.875,2178.0,2178.3715319517974,2173.859737307822
12.90625,2180.0,2179.096200233248,2175.5278068242537
12.9375,2179.0,2179.0533911294524,2176.754785895255
12.96875,2179.0,2179.029632076846,2177.504610877025
13.0,2177.0,2178.12644580265,2177.927132155218
13.03125,2177.0,2177.6251774204707,2178.2139903730217
13.0625,2178.0,2177.791973468361,2178.4746338424893
13.09375,2180.0,2178.7745452749405,2178.6929707247227
13.125,2177.0,2177.9848726275923,2178.8292053806435
13.15625,2177.0,2177.5466043083134,2178.863115340402
13.1875,2179.0,2178.1933653911137,2178.7860799199534
13.21875,2175.0,2176.772317792068,2178.616927624768
13.25,2176.0,2176.4286363745978,2178.406626938539
13.28125,2181.0,2178.462893187901,2178.2197716016913
13.3125,2171.0,2175.141905719285,2178.0803608870438
13.34375,2176.0,2175.523757674204,2177.9736310301473
13.375,2174.0,2174.845685509183,2177.879564775086
13.40625,2176.0,2175.3593554575964,2177.7586649849604
13.4375,2176.0,2175.6444422789664,2177.5704139386903
13.46875,2176.0,2175.8026654648265,2177.287500606107
13.5,2172.0,2174.1104793329787,2176.9117615937535
13.53125,2175.0,2174.506316029803,2176.4803653998656
13.5625,2175.0,2174.7260053965406,2176.054783440452
13.59375,2174.0,2174.40293299508,2175.687655250047
13.625,2174.0,2174.2236278122696,2175.4087821458224
13.65625,2174.0,2174.1241134358097,2175.2201112263638
13.6875,2175.0,2174.5138829568746,2175.094587713752
13.71875,2180.0,2176.9552050410657,2174.9824330895003
13.75,2172.0,2174.750138797792,2174.8350109934754
13.78125,2174.0,2174.4163270327745,2174.647285235341
13.8125,2174.0,2174.2310615031897,2174.475475933956
13.84375,2174.0,2174.12823913427,2174.399964995404
13.875,2170.0,2172.29117271952,2174.4743433025287
13.90625,2172.0,2172.161600859333,2174.669194860759
13.9375,2171.0,2171.64468847693,2174.892875428968
13.96875,2172.0,2171.802802104696,2175.0254551681987
14.0,2169.0,2170.5555551681064,2174.9641214028848
14.03125,2171.0,2170.753333118299,2174.66373260706
14.0625,2175.0,2172.643099880656,2174.1504950450135
14.09375,2166.0,2169.686920433764,2173.493709064864
14.125,2165.0,2167.601240840739,2172.7974421931185
14.15625,2167.0,2167.33368866661,2172.1838337206304
14.1875,2167.0,2167.185197209969,2171.7269818388
14.21875,2165.0,2166.212784451533,2171.4112958522596
14.25,2165.0,2165.6730953706005,2171.1416011047204
14.28125,2171.0,2168.043567930684,2170.7919946646607
14.3125,2166.0,2167.134180201529,2170.2564462743053
14.34375,2163.0,2165.2944700118487,2169.4883256593903
14.375,2162.0,2163.828430856576,2168.5663325135565
14.40625,2167.0,2165.2397791254,2167.676421223649
14.4375,2163.0,2164.243077414597,2166.9983953279093
14.46875,2164.0,2164.1349079651013,2166.596506884125
14.5,2160.0,2162.294873920632,2166.4043459308955
14.53125,2161.0,2161.7186550259503,2166.271866091707
14.5625,2170.0,2165.4038535394025,2166.054816377719
14.59375,2162.0,2163.8891387143685,2165.6651010653095
14.625,2161.0,2162.6034719864747,2165.106490525918
14.65625,2164.0,2163.2249269524937,2164.4865864669055
14.6875,2161.0,2162.234834458634,2163.931592069106
14.71875,2161.0,2161.685333124542,2163.5319160139834
14.75,2162.0,2161.825359884121,2163.3269739713005
14.78125,2160.0,2161.013074735687,2163.2819291962146
14.8125,2160.0,2160.562256478306,2163.2995999245118
14.84375,2162.0,2161.20205234546,2163.2721794386903
14.875,2160.0,2160.6671390517304,2163.1254857380754
14.90625,2162.0,2161.2602621737105,2162.826625405282
14.9375,2160.0,2160.6994455064096,2162.394734993253
14.96875,2161.0,2160.8331922560574,2161.903837795047
15.0,2160.0,2160.462421702112,2161.4598516486712
15.03125,2160.0,2160.256644044672,2161.137215872306
15.0625,2161.0,2160.587437444793,2160.952040760598
15.09375,2162.0,2161.21602778186,2160.8673601321007
15.125,2161.0,2161.1198954189326,2160.8270044537044
15.15625,2160.0,2160.621541957508,2160.795218422577
15.1875,2160.0,2160.344955786417,2160.7501376379028
15.21875,2160.0,2160.191450461461,2160.6922296421712
15.25,2160.0,2160.106255006111,2160.6516097705903
15.28125,2158.0,2159.168971528392,2160.6536401147455
15.3125,2159.0,2159.093779198258,2160.6965277437603
15.34375,2160.0,2159.497047455033,2160.7489698126315
15.375,2158.0,2158.8308613375434,2160.7521587891442
15.40625,2160.0,2159.3511280423368,2160.6530718885715
15.4375,2159.0,2159.194876063497,2160.438907489111
15.46875,2160.0,2159.553156215241,2160.136602785125
15.5,2158.0,2158.8620016994587,2159.804688754757
15.53125,2160.0,2159.3684109432,2159.507374671377
15.5625,2161.0,2160.094468073476,2159.2925171279576
15.59375,2160.0,2160.052429780779,2159.171607513467
15.625,2157.0,2158.6940985283327,2159.127283340971
15.65625,2158.0,2158.385224683225,2159.141542320813
15.6875,2160.0,2159.10379969919,2159.2070366682215
15.71875,2160.0,2159.5026088330505,2159.3077854015464
15.75,2158.0,2158.8339479023434,2159.407908195738
15.78125,2158.0,2158.4628410858004,2159.4665985069983
15.8125,2160.0,2159.14687680262,2159.458711625702
15.84375,2159.0,2159.081516625454,2159.380279548159
15.875,2153.0,2156.375241727127,2159.246911821405
15.90625,2157.0,2156.653259158556,2159.1033501336187
15.9375,2157.0,2156.8075588329984,2159.0013762623244
15.96875,2158.0,2157.3381951523143,2158.9445918891706
16.0,2156.0,2156.7426983095343,2158.880754397858
16.03125,2158.0,2157.302197561792,2158.7299602591283
16.0625,2159.0,2158.0577196467943,2158.4376108421025
16.09375,2153.0,2155.807034403971,2158.0099516588116
16.125,2157.0,2156.337904094204,2157.5352795884223
16.15625,2158.0,2157.077536772284,2157.1468778516128
16.1875,2157.0,2157.043032908617,2156.930498373532
16.21875,2155.0,2156.1338832642828,2156.87994444566
16.25,2155.0,2155.629305211677,2156.9234043070987
16.28125,2154.0,2154.904264392481,2156.9767446225283
16.3125,2157.0,2155.8368667378268,2156.9799872552735
16.34375,2151.0,2153.6844610394937,2156.9078486628014
16.375,2150.0,2152.044875876919,2156.7693642639133
16.40625,2154.0,2152.91490611169,2156.597992573016
16.4375,2155.0,2153.842772891988,2156.3979527288107
16.46875,2152.0,2153.022738955053,2156.115769424773
16.5,2153.0,2153.012620120054,2155.696227147199
16.53125,2156.0,2154.3420041666304,2155.136076507315
16.5625,2151.0,2152.85481231248,2154.490669381193
16.59375,2153.0,2152.9194208334266,2153.8620345742615
16.625,2155.0,2153.845278562552,2153.3720323149714
16.65625,2149.0,2151.6891296022163,2153.0971442504188
16.6875,2155.0,2153.16246692923,2153.0328182936423
16.71875,2150.0,2151.7551691457224,2153.1159074311195
16.75,2151.0,2151.419118875876,2153.247822889004
16.78125,2150.0,2150.787610976111,2153.3352489767067
16.8125,2154.0,2152.2171240917414,2153.3161891653467
16.84375,2149.0,2150.7855038709167,2153.172074147854
16.875,2148.0,2149.545954648359,2152.9204666711657
16.90625,2153.0,2151.0830048298394,2152.610498668979
16.9375,2156.0,2153.271067680561,2152.277780362379
16.96875,2154.0,2153.5954425627115,2151.9272206810624
17.0,2149.0,2151.550470622305,2151.5679970408364
17.03125,2149.0,2150.415511195379,2151.246151090464
17.0625,2151.0,2150.6756087134354,2151.0415656542677
17.09375,2160.0,2154.8249628359567,2151.0286267954843
17.125,2148.0,2151.787854373956,2151.2105448811644
17.15625,2148.0,2150.1022591775454,2151.49781586653
17.1875,2151.0,2150.5017538435377,2151.786871875002
17.21875,2154.0,2152.058473383164,2152.0006895793717
17.25,2150.0,2151.142452727656,2152.0906183137276
17.28125,2146.0,2148.854061263849,2152.0563146874506
17.3125,2150.0,2149.364004001436,2151.9398787279288
17.34375,2148.0,2148.757022220797,2151.7900490291563
17.375,2147.0,2147.9751473325423,2151.6244849956
17.40625,2150.0,2148.876206769561,2151.4272940218334
17.4375,2147.0,2148.0412947571062,2151.150651325773
17.46875,2150.0,2148.912918590194,2150.75486009088
17.5,2146.0,2147.616669817557,2150.2579339347058
17.53125,2149.0,2148.2322517487446,2149.724764035994
17.5625,2145.0,2146.7938997205533,2149.2277279086957
17.59375,2148.0,2147.330614344907,2148.8141811404726
17.625,2141.0,2144.5134909614235,2148.5120329379556
17.65625,2147.0,2145.61998748359,2148.3292840233084
17.6875,2150.0,2147.5690930533924,2148.2416518918735
17.71875,2145.0,2146.4258466446327,2148.1408845911933
17.75,2145.0,2145.791344887771,2147.906183073169
17.78125,2144.0,2144.994196412713,2147.510578496391
17.8125,2146.0,2145.441779009056,2147.031404802277
17.84375,2141.0,2143.465187350026,2146.5860903895723
17.875,2141.0,2142.3681789792645,2146.2652529062993
17.90625,2145.0,2143.539339333492,2146.103912467672
17.9375,2139.0,2141.519333330088,2146.04186926182
17.96875,2144.0,2142.6232299981984,2145.9470503514644
18.0,2141.0,2141.900892649,2145.695876665494
18.03125,2144.0,2142.834995420195,2145.2231753938654
18.0625,2146.0,2144.243422458208,2144.5618955856935
18.09375,2145.0,2144.580099464305,2143.814685530373
18.125,2141.0,2142.9869552026894,2143.116313164052
18.15625,2140.0,2141.6577601374925,2142.594647830241
18.1875,2144.0,2142.7000568763083,2142.3430177687464
18.21875,2142.0,2142.388531566351,2142.3762205767916
18.25,2139.0,2140.880635019325,2142.627264793193
18.28125,2141.0,2140.933752435725,2142.9747643838123
18.3125,2141.0,2140.963232601828,2143.2626196864526
18.34375,2142.0,2141.424594094014,2143.3541656122725
18.375,2142.0,2141.680649722178,2143.1887938809955
18.40625,2143.0,2142.267760595809,2142.799464281486
18.4375,2140.0,2141.2586071306737,2142.2848104760324
18.46875,2141.0,2141.143526957524,2141.7761168031493
18.5,2139.0,2140.1896574614257,2141.4000268356863
18.53125,2138.0,2139.215259891091,2141.218405345363
18.5625,2141.0,2140.0094692395555,2141.2229003596867
18.59375,2142.0,2140.895255427953,2141.336050042339
18.625,2141.0,2140.941866762514,2141.4364737550686
18.65625,2139.0,2140.077736053195,2141.414122621872
18.6875,2143.0,2141.3781435095234,2141.219333551615
18.71875,2139.0,2140.3198696477857,2140.883432711887
18.75,2139.0,2139.732527654521,2140.5116563388133
18.78125,2141.0,2140.296552848259,2140.247063226496
18.8125,2142.0,2141.054586830784,2140.1765779810044
18.84375,2143.0,2141.920295691085,2140.274550091381
18.875,2138.0,2140.1757641085524,2140.4349517868095
18.90625,2138.0,2139.2075490802463,2140.5510937428066
18.9375,2138.0,2138.670189739537,2140.587130698213
18.96875,2141.0,2139.706955305443,2140.579166662523
19.0,2138.0,2138.947360194521,2140.580109419759
19.03125,2141.0,2139.860784907959,2140.5971518839556
19.0625,2138.0,2139.032735623917,2140.5822396884537
19.09375,2139.0,2139.018168271274,2140.462849136538
19.125,2135.0,2137.230083390557,2140.2066206727823
19.15625,2143.0,2139.79769628176,2139.8622818412678
19.1875,2141.0,2140.332721436376,2139.5261290033727
19.21875,2139.0,2139.739660397189,2139.2640199633315
19.25,2137.0,2138.52051152044,2139.0932598489712
19.28125,2137.0,2137.843883893844,2139.0049372355484
19.3125,2138.0,2137.913355561084,2138.9809062112454
19.34375,2135.0,2136.616912336401,2139.006476903718
19.375,2135.0,2135.8973863467027,2139.0741597786723
19.40625,2140.0,2137.72304942242,2139.1609890762493
19.4375,2137.0,2137.401292429443,2139.194600147409
19.46875,2139.0,2138.112717298341,2139.06523528022
19.5,2134.0,2136.282558100579,2138.707692363135
19.53125,2140.0,2137.936819745821,2138.1673689652434
19.5625,2138.0,2137.964934958931,2137.593957837425
19.59375,2137.0,2137.5355389022066,2137.1488595084493
19.625,2142.0,2139.5222240907246,2136.9366413588396
19.65625,2128.0,2134.3948343703523,2136.9535860130923
19.6875,2141.0,2137.3341330755457,2137.121070822919
19.71875,2135.0,2136.295443856928,2137.3480110568125
19.75,2133.0,2134.8289713405948,2137.5535252098607
19.78125,2135.0,2134.90507909403,2137.689090294614
19.8125,2133.0,2134.057318897186,2137.7166455336155
19.84375,2138.0,2135.811811987938,2137.6036025649196
19.875,2137.0,2136.3405556533057,2137.3298143451434
19.90625,2135.0,2135.744008387585,2136.895140607787
19.9375,2133.0,2134.52292465511,2136.3437392192723
19.96875,2134.0,2134.290223183586,2135.780083173434
20.0,2132.0,2133.27107386689,2135.342048473718
20.03125,2137.0,2134.930445996124,2135.1214976602664
20.0625,2131.0,2133.1813975278487,2135.1087715861077
20.09375,2137.0,2134.8806756279564,2135.1935352836117
20.125,2133.0,2134.043774973516,2135.2397014166804
20.15625,2134.0,2134.024295110301,2135.143078990994
20.1875,2138.0,2135.7934837862167,2134.8865811574715
20.21875,2134.0,2134.9953835013503,2134.5405127913123
20.25,2133.0,2134.107437843249,2134.2059132180093
20.28125,2135.0,2134.504628003004,2134.0016837701505
20.3125,2137.0,2135.615068541667,2133.993460385472
20.34375,2135.0,2135.3413630406253,2134.146398967525
20.375,2135.0,2135.189456487547,2134.3686768410475
20.40625,2137.0,2135.9951483505884,2134.5726018065075
20.4375,2131.0,2133.7723073345765,2134.718330739597
20.46875,2133.0,2133.42863057069,2134.818659684135
20.5,2135.0,2134.127889966733,2134.9140469506715
20.53125,2134.0,2134.070978931537,2135.0232990908544
20.5625,2138.0,2135.819393307003,2135.1228800840113
20.59375,2135.0,2135.4547632853864,2135.1516990594287
20.625,2131.0,2133.472393623389,2135.0540075456556
20.65625,2133.0,2133.262178460981,2134.8323127044787
20.6875,2131.0,2132.2555090458445,2134.571099587743
20.71875,2142.0,2136.591807520444,2134.3827195090803
20.75,2131.0,2134.103453173846,2134.322983396252
20.78125,2128.0,2131.3874165114844,2134.3565448623235
20.8125,2133.0,2132.105016163874,2134.4048735524843
20.84375,2133.0,2132.50328397095,2134.393450860383
20.875,2129.0,2130.944322603877,2134.2883071752026
20.90625,2131.0,2130.969099045152,2134.105892646315
20.9375,2132.0,2131.427849970059,2133.8775971968166
20.96875,2129.0,2130.347456733383,2133.6071932504346
21.0,2128.0,2129.302838487028,2133.272456915247
21.03125,2135.0,2131.8380753603005,2132.849988925109
21.0625,2129.0,2130.575131824967,2132.3456488029324
21.09375,2135.0,2132.5441981628564,2131.808233048862
21.125,2131.0,2131.857029980385,2131.313735220844
21.15625,2131.0,2131.475651639113,2130.9289106345586
21.1875,2130.0,2130.818986659708,2130.695033613864
21.21875,2131.0,2130.8995375961376,2130.621706745009
21.25,2129.0,2130.054243365857,2130.704336854625
21.28125,2130.0,2130.0301050680505,2130.9177900656587
21.3125,2131.0,2130.461708312768,2131.2091736631196
21.34375,2130.0,2130.256248113586,2131.4643921379306
21.375,2129.0,2129.69721770304,2131.5550223034525
21.40625,2130.0,2129.8319558251874,2131.43184766285
21.4375,2128.0,2129.016735482979,2131.1400005982655
21.46875,2133.0,2130.7892881930534,2130.7776336067154
21.5,2128.0,2129.5480549471445,2130.446140893012
21.53125,2128.0,2128.859170495665,2130.201956194829
21.5625,2122.0,2125.806839625094,2130.048686574608
21.59375,2129.0,2127.2277959919275,2129.963004206472
21.625,2129.0,2128.01642677552,2129.9190074092508
21.65625,2131.0,2129.3441168604136,2129.8533934676216
21.6875,2134.0,2131.4159848575296,2129.6871127739837
21.71875,2131.0,2131.230871595929,2129.354926746657
21.75,2128.0,2129.7931337357404,2128.8619493314245
21.78125,2129.0,2129.440189223336,2128.334964215951
21.8125,2128.0,2128.799305018952,2127.9868136930577
21.84375,2128.0,2128.4436142855184,2128.002572052586
21.875,2128.0,2128.2462059284626,2128.4293511852093
21.90625,2128.0,2128.1366442902968,2129.12707420876
21.9375,2128.0,2128.0758375811147,2129.817197111327
21.96875,2129.0,2128.487089857518,2130.217092052958
22.0,2128.0,2128.270334870923,2130.181374758354
22.03125,2129.0,2128.5950358533623,2129.761285119456
22.0625,2131.0,2129.665244898616,2129.1632857352283
22.09375,2128.0,2128.924210918732,2128.6132439634644
22.125,2128.0,2128.512937059897,2128.2532123860537
22.15625,2130.0,2129.1746800682427,2128.1163350653906
22.1875,2128.0,2128.6519474378747,2128.163315839333
22.21875,2128.0,2128.3618308280206,2128.324048725947
