time,x
0.03125,2107.00
0.06250,2096.00
0.09375,2096.00
0.12500,2096.00
0.15625,2099.00
0.18750,2098.00
0.21875,2096.00
0.25000,2097.00
0.28125,2096.00
0.31250,2096.00
0.34375,2098.00
0.37500,2097.00
0.40625,2096.00
0.43750,2096.00
0.46875,2096.00
0.50000,2096.00
0.53125,2102.00
0.56250,2096.00
0.59375,2099.00
0.62500,2096.00
0.65625,2098.00
0.68750,2096.00
0.71875,2098.00
0.75000,2096.00
0.78125,2098.00
0.81250,2097.00
0.84375,2099.00
0.87500,2096.00
0.90625,2097.00
0.93750,2100.00
0.96875,2098.00
1.00000,2097.00
1.03125,2100.00
1.06250,2098.00
1.09375,2097.00
1.12500,2096.00
1.15625,2099.00
1.18750,2099.00
1.21875,2096.00
1.25000,2097.00
1.28125,2098.00
1.31250,2101.00
1.34375,2098.00
1.37500,2096.00
1.40625,2097.00
1.43750,2100.00
1.46875,2102.00
1.50000,2096.00
1.53125,2100.00
1.56250,2097.00
1.59375,2100.00
1.62500,2097.00
1.65625,2098.00
1.68750,2099.00
1.71875,2103.00
1.75000,2096.00
1.78125,2097.00
1.81250,2103.00
1.84375,2100.00
1.87500,2099.00
1.90625,2098.00
1.93750,2100.00
1.96875,2096.00
2.00000,2098.00
2.03125,2097.00
2.06250,2098.00
2.09375,2097.00
2.12500,2097.00
2.15625,2101.00
2.18750,2100.00
2.21875,2101.00
2.25000,2096.00
2.28125,2101.00
2.31250,2099.00
2.34375,2100.00
2.37500,2100.00
2.40625,2099.00
2.43750,2101.00
2.46875,2098.00
2.50000,2098.00
2.53125,2100.00
2.56250,2100.00
2.59375,2097.00
2.62500,2099.00
2.65625,2099.00
2.68750,2099.00
2.71875,2103.00
2.75000,2100.00
2.78125,2101.00
2.81250,2106.00
2.84375,2099.00
2.87500,2099.00
2.90625,2105.00
2.93750,2101.00
2.96875,2101.00
3.00000,2099.00
3.03125,2099.00
3.06250,2102.00
3.09375,2096.00
3.12500,2099.00
3.15625,2098.00
3.18750,2099.00
3.21875,2101.00
3.25000,2097.00
3.28125,2100.00
3.31250,2098.00
3.34375,2101.00
3.37500,2099.00
3.40625,2101.00
3.43750,2100.00
3.46875,2101.00
3.50000,2097.00
3.53125,2099.00
3.56250,2098.00
3.59375,2101.00
3.62500,2098.00
3.65625,2100.00
3.68750,2102.00
3.71875,2100.00
3.75000,2098.00
3.78125,2098.00
3.81250,2100.00
3.84375,2100.00
3.87500,2098.00
3.90625,2099.00
3.93750,2099.00
3.96875,2102.00
4.00000,2098.00
4.03125,2096.00
4.06250,2098.00
4.09375,2093.00
4.12500,2103.00
4.15625,2098.00
4.18750,2099.00
4.21875,2099.00
4.25000,2101.00
4.28125,2101.00
4.31250,2097.00
4.34375,2100.00
4.37500,2100.00
4.40625,2098.00
4.43750,2102.00
4.46875,2098.00
4.50000,2099.00
4.53125,2096.00
4.56250,2097.00
4.59375,2095.00
4.62500,2102.00
4.65625,2099.00
4.68750,2098.00
4.71875,2102.00
4.75000,2097.00
4.78125,2100.00
4.81250,2098.00
4.84375,2102.00
4.87500,2099.00
4.90625,2101.00
4.93750,2102.00
4.96875,2099.00
5.00000,2099.00
5.03125,2100.00
5.06250,2098.00
5.09375,2099.00
5.12500,2098.00
5.15625,2102.00
5.18750,2098.00
5.21875,2101.00
5.25000,2096.00
5.28125,2102.00
5.31250,2097.00
5.34375,2101.00
5.37500,2096.00
5.40625,2101.00
5.43750,2096.00
5.46875,2101.00
5.50000,2098.00
5.53125,2096.00
5.56250,2101.00
5.59375,2101.00
5.62500,2099.00
5.65625,2103.00
5.68750,2099.00
5.71875,2098.00
5.75000,2097.00
5.78125,2102.00
5.81250,2097.00
5.84375,2101.00
5.87500,2098.00
5.90625,2096.00
5.93750,2102.00
5.96875,2097.00
6.00000,2101.00
6.03125,2099.00
6.06250,2100.00
6.09375,2112.00
6.12500,2098.00
6.15625,2096.00
6.18750,2101.00
6.21875,2102.00
6.25000,2100.00
6.28125,2110.00
6.31250,2090.00
6.34375,2093.00
6.37500,2103.00
6.40625,2098.00
6.43750,2124.00
6.46875,2110.00
6.50000,2112.00
6.53125,2115.00
6.56250,2159.00
6.59375,2085.00
6.62500,2142.00
6.65625,2145.00
6.68750,2131.00
6.71875,2131.00
6.75000,2128.00
6.78125,2135.00
6.81250,2134.00
6.84375,2132.00
6.87500,2135.00
6.90625,2147.00
6.93750,2136.00
6.96875,2137.00
7.00000,2139.00
7.03125,2137.00
7.06250,2142.00
7.09375,2129.00
7.12500,2138.00
7.15625,2192.00
7.18750,2146.00
7.21875,2149.00
7.25000,2161.00
7.28125,2160.00
7.31250,2159.00
7.34375,2171.00
7.37500,2161.00
7.40625,2176.00
7.43750,2175.00
7.46875,2167.00
7.50000,2170.00
7.53125,2171.00
7.56250,2167.00
7.59375,2174.00
7.62500,2163.00
7.65625,2172.00
7.68750,2178.00
7.71875,2167.00
7.75000,2170.00
7.78125,2171.00
7.81250,2162.00
7.84375,2243.00
7.87500,2181.00
7.90625,2176.00
7.93750,2173.00
7.96875,2186.00
8.00000,2183.00
8.03125,2187.00
8.06250,2192.00
8.09375,2186.00
8.12500,2189.00
8.15625,2192.00
8.18750,2192.00
8.21875,2191.00
8.25000,2187.00
8.28125,2190.00
8.31250,2191.00
8.34375,2192.00
8.37500,2178.00
8.40625,2182.00
8.43750,2180.00
8.46875,2181.00
8.50000,2192.00
8.53125,2183.00
8.56250,2176.00
8.59375,2186.00
8.62500,2183.00
8.65625,2182.00
8.68750,2183.00
8.71875,2183.00
8.75000,2178.00
8.78125,2178.00
8.81250,2176.00
8.84375,2181.00
8.87500,2176.00
8.90625,2176.00
8.93750,2178.00
8.96875,2176.00
9.00000,2176.00
9.03125,2176.00
9.06250,2176.00
9.09375,2175.00
9.12500,2173.00
9.15625,2175.00
9.18750,2173.00
9.21875,2179.00
9.25000,2173.00
9.28125,2173.00
9.31250,2174.00
9.34375,2174.00
9.37500,2165.00
9.40625,2171.00
9.43750,2172.00
9.46875,2175.00
9.50000,2167.00
9.53125,2173.00
9.56250,2171.00
9.59375,2170.00
9.62500,2169.00
9.65625,2171.00
9.68750,2167.00
9.71875,2170.00
9.75000,2165.00
9.78125,2170.00
9.81250,2170.00
9.84375,2167.00
9.87500,2169.00
9.90625,2171.00
9.93750,2158.00
9.96875,2167.00
10.00000,2164.00
10.03125,2166.00
10.06250,2167.00
10.09375,2166.00
10.12500,2162.00
10.15625,2150.00
10.18750,2163.00
10.21875,2161.00
10.25000,2162.00
10.28125,2161.00
10.31250,2163.00
10.34375,2163.00
10.37500,2160.00
10.40625,2162.00
10.43750,2160.00
10.46875,2162.00
10.50000,2160.00
10.53125,2160.00
10.56250,2160.00
10.59375,2160.00
10.62500,2161.00
10.65625,2164.00
10.68750,2160.00
10.71875,2163.00
10.75000,2158.00
10.78125,2160.00
10.81250,2160.00
10.84375,2160.00
10.87500,2157.00
10.90625,2160.00
10.93750,2158.00
10.96875,2157.00
11.00000,2160.00
11.03125,2155.00
11.06250,2160.00
11.09375,2160.00
11.12500,2154.00
11.15625,2111.00
11.18750,2161.00
11.21875,2160.00
11.25000,2131.00
11.28125,2160.00
11.31250,2160.00
11.34375,2155.00
11.37500,2154.00
11.40625,2175.00
11.43750,2159.00
11.46875,2159.00
11.50000,2158.00
11.53125,2155.00
11.56250,2146.00
11.59375,2157.00
11.62500,2158.00
11.65625,2160.00
11.68750,2183.00
11.71875,2147.00
11.75000,2178.00
11.78125,2170.00
11.81250,2172.00
11.84375,2174.00
11.87500,2174.00
11.90625,2176.00
11.93750,2173.00
11.96875,2182.00
12.00000,2182.00
12.03125,2175.00
12.06250,2178.00
12.09375,2175.00
12.12500,2172.00
12.15625,2176.00
12.18750,2174.00
12.21875,2175.00
12.25000,2174.00
12.28125,2175.00
12.31250,2174.00
12.34375,2179.00
12.37500,2173.00
12.40625,2176.00
12.43750,2173.00
12.46875,2172.00
12.50000,2151.00
12.53125,2174.00
12.56250,2177.00
12.59375,2174.00
12.62500,2176.00
12.65625,2177.00
12.68750,2180.00
12.71875,2176.00
12.75000,2177.00
12.78125,2181.00
12.81250,2178.00
12.84375,2179.00
12.87500,2178.00
12.90625,2180.00
12.93750,2179.00
12.96875,2179.00
13.00000,2177.00
13.03125,2177.00
13.06250,2178.00
13.09375,2180.00
13.12500,2177.00
13.15625,2177.00
13.18750,2179.00
13.21875,2175.00
13.25000,2176.00
13.28125,2181.00
13.31250,2171.00
13.34375,2176.00
13.37500,2174.00
13.40625,2176.00
13.43750,2176.00
13.46875,2176.00
13.50000,2172.00
13.53125,2175.00
13.56250,2175.00
13.59375,2174.00
13.62500,2174.00
13.65625,2174.00
13.68750,2175.00
13.71875,2180.00
13.75000,2172.00
13.78125,2174.00
13.81250,2174.00
13.84375,2174.00
13.87500,2170.00
13.90625,2172.00
13.93750,2171.00
13.96875,2172.00
14.00000,2169.00
14.03125,2171.00
14.06250,2175.00
14.09375,2166.00
14.12500,2165.00
14.15625,2167.00
14.18750,2167.00
14.21875,2165.00
14.25000,2165.00
14.28125,2171.00
14.31250,2166.00
14.34375,2163.00
14.37500,2162.00
14.40625,2167.00
14.43750,2163.00
14.46875,2164.00
14.50000,2160.00
14.53125,2161.00
14.56250,2170.00
14.59375,2162.00
14.62500,2161.00
14.65625,2164.00
14.68750,2161.00
14.71875,2161.00
14.75000,2162.00
14.78125,2160.00
14.81250,2160.00
14.84375,2162.00
14.87500,2160.00
14.90625,2162.00
14.93750,2160.00
14.96875,2161.00
15.00000,2160.00
15.03125,2160.00
15.06250,2161.00
15.09375,2162.00
15.12500,2161.00
15.15625,2160.00
15.18750,2160.00
15.21875,2160.00
15.25000,2160.00
15.28125,2158.00
15.31250,2159.00
15.34375,2160.00
15.37500,2158.00
15.40625,2160.00
15.43750,2159.00
15.46875,2160.00
15.50000,2158.00
15.53125,2160.00
15.56250,2161.00
15.59375,2160.00
15.62500,2157.00
15.65625,2158.00
15.68750,2160.00
15.71875,2160.00
15.75000,2158.00
15.78125,2158.00
15.81250,2160.00
15.84375,2159.00
15.87500,2153.00
15.90625,2157.00
15.93750,2157.00
15.96875,2158.00
16.00000,2156.00
16.03125,2158.00
16.06250,2159.00
16.09375,2153.00
16.12500,2157.00
16.15625,2158.00
16.18750,2157.00
16.21875,2155.00
16.25000,2155.00
16.28125,2154.00
16.31250,2157.00
16.34375,2151.00
16.37500,2150.00
16.40625,2154.00
16.43750,2155.00
16.46875,2152.00
16.50000,2153.00
16.53125,2156.00
16.56250,2151.00
16.59375,2153.00
16.62500,2155.00
16.65625,2149.00
16.68750,2155.00
16.71875,2150.00
16.75000,2151.00
16.78125,2150.00
16.81250,2154.00
16.84375,2149.00
16.87500,2148.00
16.90625,2153.00
16.93750,2156.00
16.96875,2154.00
17.00000,2149.00
17.03125,2149.00
17.06250,2151.00
17.09375,2160.00
17.12500,2148.00
17.15625,2148.00
17.18750,2151.00
17.21875,2154.00
17.25000,2150.00
17.28125,2146.00
17.31250,2150.00
17.34375,2148.00
17.37500,2147.00
17.40625,2150.00
17.43750,2147.00
17.46875,2150.00
17.50000,2146.00
17.53125,2149.00
17.56250,2145.00
17.59375,2148.00
17.62500,2141.00
17.65625,2147.00
17.68750,2150.00
17.71875,2145.00
17.75000,2145.00
17.78125,2144.00
17.81250,2146.00
17.84375,2141.00
17.87500,2141.00
17.90625,2145.00
17.93750,2139.00
17.96875,2144.00
18.00000,2141.00
18.03125,2144.00
18.06250,2146.00
18.09375,2145.00
18.12500,2141.00
18.15625,2140.00
18.18750,2144.00
18.21875,2142.00
18.25000,2139.00
18.28125,2141.00
18.31250,2141.00
18.34375,2142.00
18.37500,2142.00
18.40625,2143.00
18.43750,2140.00
18.46875,2141.00
18.50000,2139.00
18.53125,2138.00
18.56250,2141.00
18.59375,2142.00
18.62500,2141.00
18.65625,2139.00
18.68750,2143.00
18.71875,2139.00
18.75000,2139.00
18.78125,2141.00
18.81250,2142.00
18.84375,2143.00
18.87500,2138.00
18.90625,2138.00
18.93750,2138.00
18.96875,2141.00
19.00000,2138.00
19.03125,2141.00
19.06250,2138.00
19.09375,2139.00
19.12500,2135.00
19.15625,2143.00
19.18750,2141.00
19.21875,2139.00
19.25000,2137.00
19.28125,2137.00
19.31250,2138.00
19.34375,2135.00
19.37500,2135.00
19.40625,2140.00
19.43750,2137.00
19.46875,2139.00
19.50000,2134.00
19.53125,2140.00
19.56250,2138.00
19.59375,2137.00
19.62500,2142.00
19.65625,2128.00
19.68750,2141.00
19.71875,2135.00
19.75000,2133.00
19.78125,2135.00
19.81250,2133.00
19.84375,2138.00
19.87500,2137.00
19.90625,2135.00
19.93750,2133.00
19.96875,2134.00
20.00000,2132.00
20.03125,2137.00
20.06250,2131.00
20.09375,2137.00
20.12500,2133.00
20.15625,2134.00
20.18750,2138.00
20.21875,2134.00
20.25000,2133.00
20.28125,2135.00
20.31250,2137.00
20.34375,2135.00
20.37500,2135.00
20.40625,2137.00
20.43750,2131.00
20.46875,2133.00
20.50000,2135.00
20.53125,2134.00
20.56250,2138.00
20.59375,2135.00
20.62500,2131.00
20.65625,2133.00
20.68750,2131.00
20.71875,2142.00
20.75000,2131.00
20.78125,2128.00
20.81250,2133.00
20.84375,2133.00
20.87500,2129.00
20.90625,2131.00
20.93750,2132.00
20.96875,2129.00
21.00000,2128.00
21.03125,2135.00
21.06250,2129.00
21.09375,2135.00
21.12500,2131.00
21.15625,2131.00
21.18750,2130.00
21.21875,2131.00
21.25000,2129.00
21.28125,2130.00
21.31250,2131.00
21.34375,2130.00
21.37500,2129.00
21.40625,2130.00
21.43750,2128.00
21.46875,2133.00
21.50000,2128.00
21.53125,2128.00
21.56250,2122.00
21.59375,2129.00
21.62500,2129.00
21.65625,2131.00
21.68750,2134.00
21.71875,2131.00
21.75000,2128.00
21.78125,2129.00
21.81250,2128.00
21.84375,2128.00
21.87500,2128.00
21.90625,2128.00
21.93750,2128.00
21.96875,2129.00
22.00000,2128.00
22.03125,2129.00
22.06250,2131.00
22.09375,2128.00
22.12500,2128.00
22.15625,2130.00
22.18750,2128.00
22.21875,2128.00
